cyl,avg_mpg,avg_displ
4,49.81481481481482,2.145679012345679
5,49.25,2.5
6,39.037974683544306,3.408860759493671
8,30.2,5.132857142857143
